{"count":1,"gauges":{},"self":25.5564368,"total":27.1200832,"children":{"AgentResetIfDone":{"count":941,"self":0.0289723,"total":0.0289723,"children":null},"AgentSendState":{"count":941,"self":0.066135199999999991,"total":0.0981978,"children":{"CollectObservations":{"count":1888,"self":0.0320626,"total":0.0320626,"children":null}}},"DecideAction":{"count":941,"self":1.138156,"total":1.3324719999999999,"children":{"RayPerceptionSensor.Perceive":{"count":1888,"self":0.194316,"total":0.194316,"children":null}}},"AcademyStep":{"count":941,"self":0.0120387,"total":0.0120387,"children":null},"AgentAct":{"count":941,"self":0.08896649999999999,"total":0.08896649999999999,"children":null}}}