{"count":1,"gauges":{},"self":18.236704,"total":18.4258988,"children":{"AgentResetIfDone":{"count":891,"self":0.0281433,"total":0.0281433,"children":null},"AgentSendState":{"count":891,"self":0.0150754,"total":0.0381979,"children":{"CollectObservations":{"count":1784,"self":0.023122499999999997,"total":0.023122499999999997,"children":null}}},"DecideAction":{"count":891,"self":0.0311805,"total":0.0311805,"children":null},"AcademyStep":{"count":891,"self":0.0060793999999999996,"total":0.0060793999999999996,"children":null},"AgentAct":{"count":891,"self":0.0845947,"total":0.0845947,"children":null}}}